<job id="job-partition-chunk" xmlns="https://jakarta.ee/xml/ns/jakartaee" version="2.0">
  <step id="loadUsers" next="merge">
    <chunk item-count="100" checkpoint-policy="item">
      <reader ref="UserReader"/>
      <processor ref="UserProcessor"/>
      <writer ref="UserWriter"/>
    </chunk>
    <partition>
      <mapper ref="UserPartitionMapper"/>
      <plan partitions="4" threads="4"/>
    </partition>
  </step>
  <step id="merge">
    <batchlet ref="FinalizeBatchlet"/>
  </step>
</job>
