<?xml version="1.0" encoding="UTF-8"?>
<job id="job-C" xmlns="https://jakarta.ee/xml/ns/jakartaee" version="10">
    <step id="partitionedStep">
        <partition>
            <mapper ref="myPartitionMapper"/>
        </partition>
        <!-- 三选一：把下述 batchlet 的 ref 与对应类 @Named 对上 -->
        <!-- <batchlet ref="myBatchlet_JvmLock"/> -->
        <!-- <batchlet ref="myBatchlet_OsLock"/> -->
        <!-- <batchlet ref="myBatchlet_DistLock"/> -->
        <batchlet ref="myBatchlet_JvmLock"/>
    </step>
</job>
