<?xml version="1.0" encoding="UTF-8"?>
<job id="csvJob" version="1.0" xmlns="https://jakarta.ee/xml/ns/jakartaee"
     xmlns:xsi="http://www.w3.org/2001/XMLSchema-instance"
     xsi:schemaLocation="https://jakarta.ee/xml/ns/jakartaee https://jakarta.ee/xml/ns/jakartaee/jobXML_2_0.xsd">
  <properties>
    <property name="input" value="input/input.csv"/>
    <property name="output" value="output/output.csv"/>
    <property name="delimiter" value=","/>
    <property name="header" value="true"/>
  </properties>

  <step id="step1">
    <chunk item-count="5" skip-limit="3">
      <reader ref="csvReader"/>
      <processor ref="upperProcessor"/>
      <writer ref="csvWriter"/>
      <checkpoint-policy>item</checkpoint-policy>
    </chunk>
  </step>
</job>
