<job id="import-items" xmlns="https://jakarta.ee/xml/ns/jakartaee" version="10">
  <listeners>
    <listener ref="jobLogger"/>
  </listeners>

  <step id="step1">
    <chunk item-count="200" skip-limit="50" retry-limit="3">
      <reader ref="csvReader"/>
      <processor ref="itemProcessor"/>
      <writer ref="jdbcWriter"/>

      <skippable-exception-classes>
        <include class="java.lang.NumberFormatException"/>
      </skippable-exception-classes>
    </chunk>

    <properties>
      <property name="input" value="#{jobParameters['input']}"/>
      <property name="table" value="#{jobParameters['table']}"/>
      <property name="jdbc.url" value="#{jobParameters['jdbc.url']}"/>
      <property name="jdbc.user" value="#{jobParameters['jdbc.user']}"/>
      <property name="jdbc.password" value="#{jobParameters['jdbc.password']}"/>
      <property name="chunkSize" value="#{jobParameters['chunkSize']}"/>
    </properties>
  </step>
</job>
